Workbook

Sheet Informatica
B1: categoria | C1: nne | D1: descripcion | E1: valor
B2: MED | C2: 39 | D2: CARTICAINA + ADRENALINA - Al 4 % (como clorhidrato) + L-adrenalina base 1:100.000, inyectable, en anestubo x 1,8 ml | E2: 1788.52 | F2: =VLOOKUP(C2,'Exportar Hoja de Trabajo (1)'!B:F,5,FALSE()) -> #REF!
B3: MED | C3: 84 | D3: SOLUCION HIPERTONICA DE CLORURO DE SODIO - Al 7% ( 7 g/100ml ), para inhalar, en ampolla monodosis | E3: 4845.7 | F3: =VLOOKUP(C3,'Exportar Hoja de Trabajo (1)'!B:F,5,FALSE()) -> #REF!
B4: MED | C4: 118 | D4: FOLICO ACIDO - De 5 mg/ml, solución, en frasco gotero x 20 ml | E4: 3507.84 | F4: =VLOOKUP(C4,'Exportar Hoja de Trabajo (1)'!B:F,5,FALSE()) -> #REF!
B5: MED | C5: 134 | D5: PERMETRINA - Al 1 %, loción, en frasco x 60 ml | E5: 4060.45 | F5: =VLOOKUP(C5,'Exportar Hoja de Trabajo (1)'!B:F,5,FALSE()) -> #REF!
B6: MED | C6: 516 | D6: ANHIDRIDO CARBONICO Modelo: Al 99% de CO2 V/V, según Farmacopea Nacional Argentina vigente, envasado en cilindro. | E6: 53730.89 | F6: =VLOOKUP(C6,'Exportar Hoja de Trabajo (1)'!B:F,5,FALSE()) -> #REF!
B7: MED | C7: 681 | D7: LOPERAMIDA CLORHIDRATO - De 2 mg/10 ml, solución, en frasco x 60 ml | E7: 9275.88 | F7: =VLOOKUP(C7,'Exportar Hoja de Trabajo (1)'!B:F,5,FALSE()) -> #REF!
B8: MED | C8: 1166 | D8: PARICALCITOL - De 5 µg, inyectable intravenoso, conteniendo 30 % de propilenglicol y 20 % de etanol, en frasco ampolla x 1 ml | E8: 30065.23 | F8: =VLOOKUP(C8,'Exportar Hoja de Trabajo (1)'!B:F,5,FALSE()) -> #REF!
B9: MED | C9: 1242 | D9: LIDOCAINA CLORHIDRATO - Al 2 %, inyectable, en anestubo x 1,8 ml | E9: 995.28 | F9: =VLOOKUP(C9,'Exportar Hoja de Trabajo (1)'!B:F,5,FALSE()) -> #REF!
B10: MED | C10: 1293 | D10: GENTAMICINA - De 20 mg, inyectable, en ampolla x 2 ml | E10: 429.86 | F10: =VLOOKUP(C10,'Exportar Hoja de Trabajo (1)'!B:F,5,FALSE()) -> #REF!
B11: MED | C11: 1500 | D11: LORATADINA - Al 0,1 %, jarabe, en frasco x 60 ml | E11: 3359.93 | F11: =VLOOKUP(C11,'Exportar Hoja de Trabajo (1)'!B:F,5,FALSE()) -> #REF!
B12: MED | C12: 1579 | D12: CEFIXIMA - Al 2 %, suspensión, en frasco x 60 ml | E12: 35286.97 | F12: =VLOOKUP(C12,'Exportar Hoja de Trabajo (1)'!B:F,5,FALSE()) -> #REF!
B13: MED | C13: 1761 | D13: CLORHEXIDINA . Modelo: Al 2%, solución acuosa | E13: 4884.3 | F13: =VLOOKUP(C13,'Exportar Hoja de Trabajo (1)'!B:F,5,FALSE()) -> #REF!
... B49: MED | C49: 7358173 | D49: MORFINA CLORHIDRATO . Modelo: Producto farmacéutico básico, según Farmacopea Nacional Argentina vigente, con protocolo d | E49: 564917.52 | F49: =VLOOKUP(C49,'Exportar Hoja de Trabajo (1)'!B:F,5,FALSE()) -> #REF!
